{"name":"cd2ce837-d4d9-4a66-8955-58f84bb4f97e","id":"/providers/Microsoft.Flow/flows/cd2ce837-d4d9-4a66-8955-58f84bb4f97e","type":"Microsoft.Flow/flows","properties":{"apiId":"/providers/Microsoft.PowerApps/apis/shared_logicflows","displayName":"sendJSON","definition":{"metadata":{"workflowEntityId":null,"processAdvisorMetadata":null,"flowChargedByPaygo":null,"flowclientsuspensionreason":"None","flowclientsuspensiontime":null,"flowclientsuspensionreasondetails":null,"creator":{"id":"d8e393f7-096b-4034-9d77-ccc03287b2ec","type":"User","tenantId":"4431b15e-18d2-47d7-b00c-f4a70a3b1732"},"provisioningMethod":"FromDefinition","failureAlertSubscription":true,"clientLastModifiedTime":"2024-08-23T08:35:52.5689131Z","connectionKeySavedTimeKey":"2024-08-23T08:35:52.5689131Z"},"$schema":"https://schema.management.azure.com/providers/Microsoft.Logic/schemas/2016-06-01/workflowdefinition.json#","contentVersion":"1.0.0.0","parameters":{"$connections":{"defaultValue":{},"type":"Object"},"$authentication":{"defaultValue":{},"type":"SecureObject"}},"triggers":{"manual":{"metadata":{"operationMetadataId":"69e846c7-8038-41f2-9480-ff5370bc290f"},"type":"Request","kind":"PowerAppV2","inputs":{"schema":{"type":"object","properties":{"text":{"title":"ORDERS","type":"string","x-ms-dynamically-added":true,"description":"Escribir entrada","x-ms-content-hint":"TEXT"},"email":{"title":"Email","type":"string","format":"email","x-ms-dynamically-added":true,"description":"Especifique una dirección de correo electrónico.","x-ms-content-hint":"EMAIL"},"text_1":{"title":"Name","type":"string","x-ms-dynamically-added":true,"description":"Escribir entrada","x-ms-content-hint":"TEXT"}},"required":["text","email","text_1"]}}}},"actions":{"Inicializar_variable":{"runAfter":{},"metadata":{"operationMetadataId":"ea2bf0e8-e339-496f-946c-4ef462aefbb6"},"type":"InitializeVariable","inputs":{"variables":[{"name":"vORDERS","type":"string","value":"@triggerBody()['text']"}]}},"Análisis_del_archivo_JSON":{"runAfter":{"Inicializar_variable":["Succeeded"]},"metadata":{"operationMetadataId":"43785981-cdf6-4af2-ab47-8b6eaa8aa5c6"},"type":"ParseJson","inputs":{"content":"@variables('vORDERS')","schema":{"type":"array","items":{"type":"object","properties":{"cantidad":{"type":"integer"},"category":{"type":"string"},"cliente":{"type":"string"},"fecha":{"type":"string"},"plate":{"type":"string"},"price":{"type":"number"},"total":{"type":"number"},"user":{"type":"string"}},"required":["cantidad","category","cliente","fecha","plate","price","total","user"]}}}},"Crear_tabla_HTML":{"runAfter":{"Análisis_del_archivo_JSON":["Succeeded"]},"metadata":{"operationMetadataId":"88a0825e-0c3c-43cd-8077-50d8b4d44730"},"type":"Table","inputs":{"from":"@body('Análisis_del_archivo_JSON')","format":"HTML","columns":[{"header":"Title","value":"@item()['plate']"},{"header":"Category","value":"@item()['category']"},{"header":"Price","value":"@item()['price']"},{"header":"Quantity","value":"@item()['cantidad']"},{"header":"Total","value":"@item()['total']"},{"header":"Date","value":"@item()['fecha']"}]}},"Redactar":{"runAfter":{"Crear_tabla_HTML":["Succeeded"]},"metadata":{"operationMetadataId":"49e832b4-7855-4b26-8783-caa6449bd820"},"type":"Compose","inputs":"<style>\ntable {\n  border: 1px solid #1C6EA4;\n  background-color: #EEEEEE;\n  width: 100%;\n  text-align: left;\n  border-collapse: collapse;\n}\ntable td, table th {\n  border: 1px solid #AAAAAA;\n  padding: 3px 2px;\n}\ntable tbody td {\n  font-size: 13px;\n}\ntable thead {\n  background: #1C6EA4;\n  border-bottom: 2px solid #444444;\n}\ntable thead th {\n  font-size: 15px;\n  font-weight: bold;\n  color: #FFFFFF;\n  border-left: 2px solid #D0E4F5;\n}\ntable thead th:first-child {\n  border-left: none;\n}\n</style>"},"Enviar_correo_electrónico_(V2)":{"runAfter":{"Redactar":["Succeeded"]},"metadata":{"operationMetadataId":"9275f95c-580a-43b6-9618-553bec94e88e"},"type":"OpenApiConnection","inputs":{"host":{"apiId":"/providers/Microsoft.PowerApps/apis/shared_office365","connectionName":"shared_office365","operationId":"SendEmailV2"},"parameters":{"emailMessage/To":"@triggerBody()['email']","emailMessage/Subject":"\"Your order is being processed!@{triggerBody()['text_1']}\"","emailMessage/Body":"<p>Hi @{triggerBody()['text_1']},<br>\n<br>\nWe’re excited to let you know that your order is currently being prepared! We’ll notify you as soon as it’s ready for pick-up at Shushinoke.<br>\n@{body('Crear_tabla_HTML')}@{outputs('Redactar')}<br>\n<strong>In the meantime, get ready to enjoy your sushi—crafted fresh, just for you.</strong><br>\n<br>\nShushinoke - Where flavor meets speed!</p>","emailMessage/Importance":"Normal"},"authentication":{"value":"@json(decodeBase64(triggerOutputs().headers['X-MS-APIM-Tokens']))['$ConnectionKey']","type":"Raw"}}}}},"connectionReferences":{"shared_office365":{"connectionName":"shared-office365-33722dfd-8511-4817-b556-fb40314b1740","source":"Invoker","id":"/providers/Microsoft.PowerApps/apis/shared_office365","tier":"NotSpecified"}},"flowFailureAlertSubscribed":false,"isManaged":false}}